<?xml version="1.0" encoding="UTF-8"?>
<!--suppress SpringFacetInspection -->
<beans xmlns="http://www.springframework.org/schema/beans"
       xmlns:xsi="http://www.w3.org/2001/XMLSchema-instance"
       xmlns:context="http://www.springframework.org/schema/context"
       xsi:schemaLocation="http://www.springframework.org/schema/beans
       http://www.springframework.org/schema/beans/spring-beans.xsd
       http://www.springframework.org/schema/context
       http://www.springframework.org/schema/context/spring-context.xsd">

       <context:property-placeholder location="classpath:db.properties, classpath:csv.properties" />

       <!-- Configuração do acesso ao banco de dados a partir de data source -->
       <bean id="datasource" class="org.apache.commons.dbcp2.BasicDataSource">
              <property name="driverClassName" value="com.mysql.jdbc.Driver"></property>
              <property name="url" value="${db.url}"></property>
              <property name="username" value="${db.usr}"></property>
              <property name="password" value="${db.pwd}"></property>
       </bean>

       <bean id="transactionManager"
             class="org.springframework.batch.support.transaction.ResourcelessTransactionManager" />

       <bean id="jdbcTemplate" class="org.springframework.jdbc.core.JdbcTemplate" >
              <property name="dataSource" ref="datasource" />
       </bean>


       <!-- Configuração de todos os DAO usados no módulo do ETL -->
       <bean id="bookDao" scope="prototype"
             class="br.com.devmedia.articles.spring.batch.etl.loaders.databases.BookDao"  >
              <property name="jdbcTemplate" ref="jdbcTemplate" />
              <property name="sqlBookSave" value="${sql.book.save}" />
       </bean>

       <bean id="publishingHouseDao" scope="prototype"
             class="br.com.devmedia.articles.spring.batch.etl.loaders.databases.PublishingHouseDao" >
           <property name="jdbcTemplate" ref="jdbcTemplate" />
           <property name="sqlPubHouseListAll" value="${sql.pbhouse.select.all}" />
           <property name="sqlPubHouseSave" value="${sql.pbhouse.save}" />
           <property name="sqlPubHouseListByName" value="${sql.pbhouse.select.by.name}" />
       </bean>

       <bean id="authorDao" scope="prototype"
             class="br.com.devmedia.articles.spring.batch.etl.loaders.databases.AuthorDao" >
           <property name="jdbcTemplate" ref="jdbcTemplate" />
              <property name="sqlAuthorListAll" value="${sql.author.select.all}" />
              <property name="sqlAuthorSave" value="${sql.author.save}" />
              <property name="sqlAuthorByNameAndSurname" value="${sql.author.select.by.name.and.surname}" />
       </bean>

       <!-- Configuração dos serviços de persistência usados no módulo do ETL -->
       <bean id="bookService" scope="prototype"
             class="br.com.devmedia.articles.spring.batch.etl.loaders.services.BookService" >
           <property name="bookDao" ref="bookDao" />
           <property name="authorDao" ref="authorDao" />
           <property name="publishingHouseDao" ref="publishingHouseDao" />
       </bean>
</beans>
