<?xml version="1.0" encoding="UTF-8"?>
<!--suppress SpringFacetInspection -->
<beans xmlns="http://www.springframework.org/schema/beans"
       xmlns:jdbc="http://www.springframework.org/schema/jdbc"
       xmlns:xsi="http://www.w3.org/2001/XMLSchema-instance"
       xmlns:batch="http://www.springframework.org/schema/batch"
       xsi:schemaLocation="http://www.springframework.org/schema/beans
       http://www.springframework.org/schema/beans/spring-beans.xsd
       http://www.springframework.org/schema/batch http://www.springframework.org/schema/batch/spring-batch.xsd
       http://www.springframework.org/schema/jdbc
       http://www.springframework.org/schema/jdbc/spring-jdbc-3.2.xsd ">

    <!-- Importando definições de objetos de acesso a banco de dados e serviços associados a persistência de objetos -->
    <import resource="classpath:etl_persistence-context.xml" />

    <!-- Arquivo de configuração do Spring Batch -->

    <!-- Leitura de dados a partir de um arquivo CSV -->
    <bean id="csvRecord" scope="prototype" class="br.com.devmedia.articles.spring.batch.etl.model.CsvRecord" />

    <bean id="itemReader"
          class="br.com.devmedia.articles.spring.batch.etl.extractors.CsvExtractor" >
        <property name="resource" value="file:${csv.location}" />
        <property name="lineMapper">
            <bean class="org.springframework.batch.item.file.mapping.DefaultLineMapper" >
                <property name="lineTokenizer" >
                    <bean class="org.springframework.batch.item.file.transform.DelimitedLineTokenizer" >
                        <property name="names" value="bookTitle, bookSubTitle, authorName, numberOfPages, publishingHouseName" />
                        <property name="delimiter" value="," />
                    </bean>
                </property>
                <property name="fieldSetMapper" >
                    <bean class="org.springframework.batch.item.file.mapping.BeanWrapperFieldSetMapper" >
                        <property name="prototypeBeanName" value="csvRecord" />
                    </bean>
                </property>
            </bean>
        </property>
    </bean>

    <!-- Processador responsaável pela transformação de objetos CSV em objetos Book -->
    <bean id="bookProcessor" class="br.com.devmedia.articles.spring.batch.etl.transformers.Processor" />

    <!-- Carregamento de dados de livros em um banco de dados relacional (MySQL) -->
    <bean id="bookWriter" class="br.com.devmedia.articles.spring.batch.etl.loaders.MySQLLoader" >
        <property name="service" ref="bookService" />
    </bean>

    <bean id="jobRepository"
          class="org.springframework.batch.core.repository.support.JobRepositoryFactoryBean">
        <property name="dataSource" ref="datasource" />
        <property name="transactionManager" ref="transactionManager" />
        <property name="databaseType" value="mysql" />
    </bean>


    <!-- Configuração do Job propriamente dito -->
    <batch:job id="devmedia_job" restartable="false" >
        <batch:step id="singlestep" >
            <batch:tasklet >
                <batch:chunk reader="itemReader" processor="bookProcessor" writer="bookWriter" commit-interval="1" />
            </batch:tasklet>
        </batch:step>
    </batch:job>

    <bean id="jobLauncher"
          class="org.springframework.batch.core.launch.support.SimpleJobLauncher">
        <property name="jobRepository" ref="jobRepository" />
    </bean>

    <!-- Scripts utilizados para configurar o banco de dados automaticamente com as tabelas relacionadas ao Batch -->
    <jdbc:initialize-database data-source="datasource">
        <jdbc:script location="org/springframework/batch/core/schema-drop-mysql.sql" />
        <jdbc:script location="org/springframework/batch/core/schema-mysql.sql" />
    </jdbc:initialize-database>
</beans>