<?xml version="1.0" encoding="UTF-8"?>
<beans:beans
    xmlns:sec="http://www.springframework.org/schema/security"
    xmlns:xsi="http://www.w3.org/2001/XMLSchema-instance"
    xmlns:beans="http://www.springframework.org/schema/beans"
    xsi:schemaLocation="http://www.springframework.org/schema/beans
           http://www.springframework.org/schema/beans/spring-beans-3.1.xsd
           http://www.springframework.org/schema/security
           http://www.springframework.org/schema/security/spring-security.xsd">

    <!-- Anotacoes  -->
    <sec:global-method-security pre-post-annotations="enabled" />
    
    <sec:http auto-config="true" use-expressions="false">

        <!-- Restringe acesso a pasta seguro /seguro/** -->
        <sec:intercept-url pattern="/seguro/perfil/**" access="ROLE_PERFIL" />
        <sec:intercept-url pattern="/seguro/produto/**" access="ROLE_PRODUTO" />
        <sec:intercept-url pattern="/seguro/usuario/**" access="ROLE_USUARIO" />
        <sec:intercept-url pattern="/seguro/venda/**" access="ROLE_VENDA" />

         <!-- Configuracoes da pagina de login -->      
        <sec:form-login login-page="/login.jsf" 
            login-processing-url="/j_spring_security_check"
            username-parameter="j_username" 
            password-parameter="j_password" 
            authentication-failure-url="/login.jsf?erro=true"/>

        <!-- Propriedades de logout -->
        <sec:logout invalidate-session="true" 
            delete-cookies="true" 
            logout-success-url="/index.xhtml" />
        
        <sec:csrf disabled="true"/>
    </sec:http>
   
    <!-- Autenticador custom -->
    <sec:authentication-manager alias="authenticationManager">
        <sec:authentication-provider user-service-ref="segurancaService">
            <sec:password-encoder hash="md5"></sec:password-encoder>
        </sec:authentication-provider>
    </sec:authentication-manager>

</beans:beans>